,host_city,stadium_name,match_date,match_type,innings_number,batting_position,player_name,player_team,opposition_team,balls_faced,runs_scored,dismissal_type,strike_rate,0's,1's,2's,3's,4's,5's,6's,7's,total_team_score,match_winning_team,note
0,Kolkata,"Eden Gardens, Kolkata",03-04-2025,15th Match,2,11,Mohammed Shami,Sunrisers Hyderabad,Kolkata Knight Riders,4,2,not out,50.0,2.0,2.0,0.0,0.0,0.0,0.0,0.0,0.0,120,Kolkata Knight Riders,
1,Kolkata,"Eden Gardens, Kolkata",03-04-2025,15th Match,2,10,Simarjeet Singh,Sunrisers Hyderabad,Kolkata Knight Riders,1,0,bowled,0.0,1.0,0.0,0.0,0.0,0.0,0.0,0.0,0.0,120,Kolkata Knight Riders,
2,Kolkata,"Eden Gardens, Kolkata",03-04-2025,15th Match,2,9,HV Patel,Sunrisers Hyderabad,Kolkata Knight Riders,5,3,caught,60.0,2.0,3.0,0.0,0.0,0.0,0.0,0.0,0.0,120,Kolkata Knight Riders,
3,Kolkata,"Eden Gardens, Kolkata",03-04-2025,15th Match,2,8,PJ Cummins,Sunrisers Hyderabad,Kolkata Knight Riders,15,14,caught,93.33,7.0,6.0,0.0,0.0,2.0,0.0,0.0,0.0,120,Kolkata Knight Riders,
4,Kolkata,"Eden Gardens, Kolkata",03-04-2025,15th Match,2,7,Aniket Verma,Sunrisers Hyderabad,Kolkata Knight Riders,6,6,caught,100.0,3.0,2.0,0.0,0.0,1.0,0.0,0.0,0.0,120,Kolkata Knight Riders,
5,Kolkata,"Eden Gardens, Kolkata",03-04-2025,15th Match,2,6,H Klaasen,Sunrisers Hyderabad,Kolkata Knight Riders,21,33,caught,157.14,4.0,13.0,0.0,0.0,2.0,0.0,2.0,0.0,120,Kolkata Knight Riders,
6,Kolkata,"Eden Gardens, Kolkata",03-04-2025,15th Match,2,5,PHKD Mendis,Sunrisers Hyderabad,Kolkata Knight Riders,20,27,caught,135.0,9.0,5.0,3.0,0.0,1.0,0.0,2.0,0.0,120,Kolkata Knight Riders,
7,Kolkata,"Eden Gardens, Kolkata",03-04-2025,15th Match,2,4,K Nitish Kumar Reddy,Sunrisers Hyderabad,Kolkata Knight Riders,15,19,caught,126.66,8.0,3.0,1.0,0.0,2.0,0.0,1.0,0.0,120,Kolkata Knight Riders,
8,Kolkata,"Eden Gardens, Kolkata",03-04-2025,15th Match,2,3,Ishan Kishan,Sunrisers Hyderabad,Kolkata Knight Riders,5,2,caught,40.0,3.0,2.0,0.0,0.0,0.0,0.0,0.0,0.0,120,Kolkata Knight Riders,
9,Kolkata,"Eden Gardens, Kolkata",03-04-2025,15th Match,2,2,Abhishek Sharma,Sunrisers Hyderabad,Kolkata Knight Riders,6,2,caught,33.33,4.0,2.0,0.0,0.0,0.0,0.0,0.0,0.0,120,Kolkata Knight Riders,
10,Kolkata,"Eden Gardens, Kolkata",03-04-2025,15th Match,2,1,TM Head,Sunrisers Hyderabad,Kolkata Knight Riders,2,4,caught,200.0,1.0,0.0,0.0,0.0,1.0,0.0,0.0,0.0,120,Kolkata Knight Riders,
11,Kolkata,"Eden Gardens, Kolkata",03-04-2025,15th Match,1,7,AD Russell,Kolkata Knight Riders,Sunrisers Hyderabad,2,1,run out,50.0,1.0,1.0,0.0,0.0,0.0,0.0,0.0,0.0,200,Kolkata Knight Riders,
12,Kolkata,"Eden Gardens, Kolkata",03-04-2025,15th Match,1,6,RK Singh,Kolkata Knight Riders,Sunrisers Hyderabad,17,32,not out,188.23,3.0,8.0,1.0,0.0,4.0,0.0,1.0,0.0,200,Kolkata Knight Riders,
13,Kolkata,"Eden Gardens, Kolkata",03-04-2025,15th Match,1,5,VR Iyer,Kolkata Knight Riders,Sunrisers Hyderabad,29,60,caught,206.89,7.0,10.0,2.0,0.0,7.0,0.0,3.0,0.0,200,Kolkata Knight Riders,
14,Kolkata,"Eden Gardens, Kolkata",03-04-2025,15th Match,1,4,A Raghuvanshi,Kolkata Knight Riders,Sunrisers Hyderabad,32,50,caught,156.25,9.0,14.0,2.0,0.0,5.0,0.0,2.0,0.0,200,Kolkata Knight Riders,
15,Kolkata,"Eden Gardens, Kolkata",03-04-2025,15th Match,1,3,AM Rahane,Kolkata Knight Riders,Sunrisers Hyderabad,27,38,caught,140.74,13.0,8.0,1.0,0.0,1.0,0.0,4.0,0.0,200,Kolkata Knight Riders,
16,Kolkata,"Eden Gardens, Kolkata",03-04-2025,15th Match,1,2,SP Narine,Kolkata Knight Riders,Sunrisers Hyderabad,7,7,caught,100.0,5.0,1.0,0.0,0.0,0.0,0.0,1.0,0.0,200,Kolkata Knight Riders,
17,Kolkata,"Eden Gardens, Kolkata",03-04-2025,15th Match,1,1,Q de Kock,Kolkata Knight Riders,Sunrisers Hyderabad,6,1,caught,16.66,5.0,1.0,0.0,0.0,0.0,0.0,0.0,0.0,200,Kolkata Knight Riders,
18,Bengaluru,"M.Chinnaswamy Stadium, Bengaluru",02-04-2025,14th Match,2,4,SE Rutherford,Gujarat Titans,Royal Challengers Bengaluru,18,30,not out,166.66,6.0,8.0,0.0,0.0,1.0,0.0,3.0,0.0,170,Gujarat Titans,
19,Bengaluru,"M.Chinnaswamy Stadium, Bengaluru",02-04-2025,14th Match,2,3,JC Buttler,Gujarat Titans,Royal Challengers Bengaluru,39,73,not out,187.17,11.0,17.0,0.0,0.0,5.0,0.0,6.0,0.0,170,Gujarat Titans,
20,Bengaluru,"M.Chinnaswamy Stadium, Bengaluru",02-04-2025,14th Match,2,2,Shubman Gill,Gujarat Titans,Royal Challengers Bengaluru,14,14,caught,100.0,8.0,4.0,0.0,0.0,1.0,0.0,1.0,0.0,170,Gujarat Titans,
21,Bengaluru,"M.Chinnaswamy Stadium, Bengaluru",02-04-2025,14th Match,2,1,B Sai Sudharsan,Gujarat Titans,Royal Challengers Bengaluru,36,49,caught,136.11,14.0,13.0,1.0,0.0,7.0,0.0,1.0,0.0,170,Gujarat Titans,
22,Bengaluru,"M.Chinnaswamy Stadium, Bengaluru",02-04-2025,14th Match,1,9,B Kumar,Royal Challengers Bengaluru,Gujarat Titans,2,1,not out,50.0,1.0,1.0,0.0,0.0,0.0,0.0,0.0,0.0,169,Gujarat Titans,
23,Bengaluru,"M.Chinnaswamy Stadium, Bengaluru",02-04-2025,14th Match,1,8,TH David,Royal Challengers Bengaluru,Gujarat Titans,18,32,bowled,177.77,6.0,6.0,1.0,0.0,3.0,0.0,2.0,0.0,169,Gujarat Titans,
24,Bengaluru,"M.Chinnaswamy Stadium, Bengaluru",02-04-2025,14th Match,1,7,KH Pandya,Royal Challengers Bengaluru,Gujarat Titans,5,5,caught,100.0,3.0,1.0,0.0,0.0,1.0,0.0,0.0,0.0,169,Gujarat Titans,
25,Bengaluru,"M.Chinnaswamy Stadium, Bengaluru",02-04-2025,14th Match,1,6,JM Sharma,Royal Challengers Bengaluru,Gujarat Titans,21,33,caught,157.14,10.0,3.0,2.0,0.0,5.0,0.0,1.0,0.0,169,Gujarat Titans,
26,Bengaluru,"M.Chinnaswamy Stadium, Bengaluru",02-04-2025,14th Match,1,5,LS Livingstone,Royal Challengers Bengaluru,Gujarat Titans,40,54,caught,135.0,16.0,16.0,2.0,0.0,1.0,0.0,5.0,0.0,169,Gujarat Titans,
27,Bengaluru,"M.Chinnaswamy Stadium, Bengaluru",02-04-2025,14th Match,1,4,RM Patidar,Royal Challengers Bengaluru,Gujarat Titans,12,12,lbw,100.0,6.0,4.0,0.0,0.0,2.0,0.0,0.0,0.0,169,Gujarat Titans,
28,Bengaluru,"M.Chinnaswamy Stadium, Bengaluru",02-04-2025,14th Match,1,3,D Padikkal,Royal Challengers Bengaluru,Gujarat Titans,3,4,bowled,133.33,2.0,0.0,0.0,0.0,1.0,0.0,0.0,0.0,169,Gujarat Titans,
29,Bengaluru,"M.Chinnaswamy Stadium, Bengaluru",02-04-2025,14th Match,1,2,V Kohli,Royal Challengers Bengaluru,Gujarat Titans,6,7,caught,116.66,3.0,1.0,1.0,0.0,1.0,0.0,0.0,0.0,169,Gujarat Titans,
30,Bengaluru,"M.Chinnaswamy Stadium, Bengaluru",02-04-2025,14th Match,1,1,PD Salt,Royal Challengers Bengaluru,Gujarat Titans,13,14,bowled,107.69,7.0,4.0,0.0,0.0,1.0,0.0,1.0,0.0,169,Gujarat Titans,
31,Lucknow,"Bharat Ratna Shri Atal Bihari Vajpayee Ekana Cricket Stadium, Lucknow",01-04-2025,13th Match,2,4,N Wadhera,Punjab Kings,Lucknow Super Giants,25,43,not out,172.0,12.0,5.0,1.0,0.0,3.0,0.0,4.0,0.0,177,Punjab Kings,
32,Lucknow,"Bharat Ratna Shri Atal Bihari Vajpayee Ekana Cricket Stadium, Lucknow",01-04-2025,13th Match,2,3,SS Iyer,Punjab Kings,Lucknow Super Giants,30,52,not out,173.33,7.0,16.0,0.0,0.0,3.0,0.0,4.0,0.0,177,Punjab Kings,
33,Lucknow,"Bharat Ratna Shri Atal Bihari Vajpayee Ekana Cricket Stadium, Lucknow",01-04-2025,13th Match,2,2,Prabhsimran Singh,Punjab Kings,Lucknow Super Giants,34,69,caught,202.94,8.0,13.0,1.0,0.0,9.0,0.0,3.0,0.0,177,Punjab Kings,
34,Lucknow,"Bharat Ratna Shri Atal Bihari Vajpayee Ekana Cricket Stadium, Lucknow",01-04-2025,13th Match,2,1,Priyansh Arya,Punjab Kings,Lucknow Super Giants,9,8,caught,88.88,4.0,4.0,0.0,0.0,1.0,0.0,0.0,0.0,177,Punjab Kings,
35,Lucknow,"Bharat Ratna Shri Atal Bihari Vajpayee Ekana Cricket Stadium, Lucknow",01-04-2025,13th Match,1,9,Avesh Khan,Lucknow Super Giants,Punjab Kings,0,0,not out,0.0,0.0,0.0,0.0,0.0,0.0,0.0,0.0,0.0,171,Punjab Kings,
36,Lucknow,"Bharat Ratna Shri Atal Bihari Vajpayee Ekana Cricket Stadium, Lucknow",01-04-2025,13th Match,1,8,SN Thakur,Lucknow Super Giants,Punjab Kings,3,3,not out,100.0,1.0,1.0,1.0,0.0,0.0,0.0,0.0,0.0,171,Punjab Kings,
37,Lucknow,"Bharat Ratna Shri Atal Bihari Vajpayee Ekana Cricket Stadium, Lucknow",01-04-2025,13th Match,1,7,Abdul Samad,Lucknow Super Giants,Punjab Kings,12,27,caught,225.0,1.0,7.0,0.0,0.0,2.0,0.0,2.0,0.0,171,Punjab Kings,
38,Lucknow,"Bharat Ratna Shri Atal Bihari Vajpayee Ekana Cricket Stadium, Lucknow",01-04-2025,13th Match,1,6,DA Miller,Lucknow Super Giants,Punjab Kings,18,19,caught,105.55,9.0,5.0,1.0,0.0,3.0,0.0,0.0,0.0,171,Punjab Kings,
39,Lucknow,"Bharat Ratna Shri Atal Bihari Vajpayee Ekana Cricket Stadium, Lucknow",01-04-2025,13th Match,1,5,A Badoni,Lucknow Super Giants,Punjab Kings,33,41,caught,124.24,11.0,17.0,1.0,0.0,1.0,0.0,3.0,0.0,171,Punjab Kings,
40,Lucknow,"Bharat Ratna Shri Atal Bihari Vajpayee Ekana Cricket Stadium, Lucknow",01-04-2025,13th Match,1,4,RR Pant,Lucknow Super Giants,Punjab Kings,5,2,caught,40.0,3.0,2.0,0.0,0.0,0.0,0.0,0.0,0.0,171,Punjab Kings,
41,Lucknow,"Bharat Ratna Shri Atal Bihari Vajpayee Ekana Cricket Stadium, Lucknow",01-04-2025,13th Match,1,3,N Pooran,Lucknow Super Giants,Punjab Kings,30,44,caught,146.66,12.0,10.0,1.0,0.0,5.0,0.0,2.0,0.0,171,Punjab Kings,
42,Lucknow,"Bharat Ratna Shri Atal Bihari Vajpayee Ekana Cricket Stadium, Lucknow",01-04-2025,13th Match,1,2,MR Marsh,Lucknow Super Giants,Punjab Kings,1,0,caught,0.0,1.0,0.0,0.0,0.0,0.0,0.0,0.0,0.0,171,Punjab Kings,
43,Lucknow,"Bharat Ratna Shri Atal Bihari Vajpayee Ekana Cricket Stadium, Lucknow",01-04-2025,13th Match,1,1,AK Markram,Lucknow Super Giants,Punjab Kings,18,28,bowled,155.55,7.0,6.0,0.0,0.0,4.0,0.0,1.0,0.0,171,Punjab Kings,
44,Mumbai,"Wankhede Stadium, Mumbai",31-03-2025,12th Match,2,4,SA Yadav,Mumbai Indians,Kolkata Knight Riders,9,27,not out,300.0,1.0,3.0,0.0,0.0,3.0,0.0,2.0,0.0,121,Mumbai Indians,
45,Mumbai,"Wankhede Stadium, Mumbai",31-03-2025,12th Match,2,3,WG Jacks,Mumbai Indians,Kolkata Knight Riders,17,16,caught,94.11,7.0,8.0,1.0,0.0,0.0,0.0,1.0,0.0,121,Mumbai Indians,
46,Mumbai,"Wankhede Stadium, Mumbai",31-03-2025,12th Match,2,2,RD Rickelton,Mumbai Indians,Kolkata Knight Riders,41,62,not out,151.21,17.0,14.0,1.0,0.0,4.0,0.0,5.0,0.0,121,Mumbai Indians,
47,Mumbai,"Wankhede Stadium, Mumbai",31-03-2025,12th Match,2,1,RG Sharma,Mumbai Indians,Kolkata Knight Riders,12,13,caught,108.33,6.0,3.0,2.0,0.0,0.0,0.0,1.0,0.0,121,Mumbai Indians,
48,Mumbai,"Wankhede Stadium, Mumbai",31-03-2025,12th Match,1,11,SH Johnson,Kolkata Knight Riders,Mumbai Indians,3,1,not out,33.33,2.0,1.0,0.0,0.0,0.0,0.0,0.0,0.0,116,Mumbai Indians,
49,Mumbai,"Wankhede Stadium, Mumbai",31-03-2025,12th Match,1,10,Harshit Rana,Kolkata Knight Riders,Mumbai Indians,8,4,caught,50.0,6.0,1.0,0.0,1.0,0.0,0.0,0.0,0.0,116,Mumbai Indians,
50,Mumbai,"Wankhede Stadium, Mumbai",31-03-2025,12th Match,1,9,Ramandeep Singh,Kolkata Knight Riders,Mumbai Indians,12,22,caught,183.33,4.0,4.0,1.0,0.0,1.0,0.0,2.0,0.0,116,Mumbai Indians,
51,Mumbai,"Wankhede Stadium, Mumbai",31-03-2025,12th Match,1,8,AD Russell,Kolkata Knight Riders,Mumbai Indians,11,5,bowled,45.45,9.0,1.0,0.0,0.0,1.0,0.0,0.0,0.0,116,Mumbai Indians,
52,Mumbai,"Wankhede Stadium, Mumbai",31-03-2025,12th Match,1,7,MK Pandey,Kolkata Knight Riders,Mumbai Indians,14,19,bowled,135.71,6.0,5.0,0.0,0.0,2.0,0.0,1.0,0.0,116,Mumbai Indians,
53,Mumbai,"Wankhede Stadium, Mumbai",31-03-2025,12th Match,1,6,RK Singh,Kolkata Knight Riders,Mumbai Indians,14,17,caught,121.42,6.0,5.0,1.0,0.0,1.0,0.0,1.0,0.0,116,Mumbai Indians,
54,Mumbai,"Wankhede Stadium, Mumbai",31-03-2025,12th Match,1,5,VR Iyer,Kolkata Knight Riders,Mumbai Indians,9,3,caught,33.33,7.0,1.0,1.0,0.0,0.0,0.0,0.0,0.0,116,Mumbai Indians,
55,Mumbai,"Wankhede Stadium, Mumbai",31-03-2025,12th Match,1,4,A Raghuvanshi,Kolkata Knight Riders,Mumbai Indians,16,26,caught,162.5,5.0,6.0,1.0,0.0,3.0,0.0,1.0,0.0,116,Mumbai Indians,
56,Mumbai,"Wankhede Stadium, Mumbai",31-03-2025,12th Match,1,3,AM Rahane,Kolkata Knight Riders,Mumbai Indians,7,11,caught,157.14,4.0,1.0,0.0,0.0,1.0,0.0,1.0,0.0,116,Mumbai Indians,
57,Mumbai,"Wankhede Stadium, Mumbai",31-03-2025,12th Match,1,2,SP Narine,Kolkata Knight Riders,Mumbai Indians,2,0,bowled,0.0,2.0,0.0,0.0,0.0,0.0,0.0,0.0,0.0,116,Mumbai Indians,
58,Mumbai,"Wankhede Stadium, Mumbai",31-03-2025,12th Match,1,1,Q de Kock,Kolkata Knight Riders,Mumbai Indians,3,1,caught,33.33,2.0,1.0,0.0,0.0,0.0,0.0,0.0,0.0,116,Mumbai Indians,
59,Guwahati,"Barsapara Cricket Stadium, Guwahati",30-03-2025,11th Match,2,8,Jamie Overton,Chennai Super Kings,Rajasthan Royals,4,11,not out,275.0,0.0,1.0,2.0,0.0,0.0,0.0,1.0,0.0,176,Rajasthan Royals,
60,Guwahati,"Barsapara Cricket Stadium, Guwahati",30-03-2025,11th Match,2,7,MS Dhoni,Chennai Super Kings,Rajasthan Royals,11,16,caught,145.45,3.0,6.0,0.0,0.0,1.0,0.0,1.0,0.0,176,Rajasthan Royals,
61,Guwahati,"Barsapara Cricket Stadium, Guwahati",30-03-2025,11th Match,2,6,RA Jadeja,Chennai Super Kings,Rajasthan Royals,22,32,not out,145.45,3.0,14.0,2.0,0.0,2.0,0.0,1.0,0.0,176,Rajasthan Royals,
62,Guwahati,"Barsapara Cricket Stadium, Guwahati",30-03-2025,11th Match,2,5,V Shankar,Chennai Super Kings,Rajasthan Royals,6,9,bowled,150.0,2.0,3.0,0.0,0.0,0.0,0.0,1.0,0.0,176,Rajasthan Royals,
63,Guwahati,"Barsapara Cricket Stadium, Guwahati",30-03-2025,11th Match,2,4,S Dube,Chennai Super Kings,Rajasthan Royals,10,18,caught,180.0,5.0,2.0,0.0,0.0,1.0,0.0,2.0,0.0,176,Rajasthan Royals,
64,Guwahati,"Barsapara Cricket Stadium, Guwahati",30-03-2025,11th Match,2,3,RD Gaikwad,Chennai Super Kings,Rajasthan Royals,44,63,caught,143.18,14.0,16.0,5.0,1.0,7.0,0.0,1.0,0.0,176,Rajasthan Royals,
65,Guwahati,"Barsapara Cricket Stadium, Guwahati",30-03-2025,11th Match,2,2,RA Tripathi,Chennai Super Kings,Rajasthan Royals,19,23,caught,121.05,10.0,5.0,0.0,0.0,3.0,0.0,1.0,0.0,176,Rajasthan Royals,
66,Guwahati,"Barsapara Cricket Stadium, Guwahati",30-03-2025,11th Match,2,1,R Ravindra,Chennai Super Kings,Rajasthan Royals,4,0,caught,0.0,4.0,0.0,0.0,0.0,0.0,0.0,0.0,0.0,176,Rajasthan Royals,
67,Guwahati,"Barsapara Cricket Stadium, Guwahati",30-03-2025,11th Match,1,11,TU Deshpande,Rajasthan Royals,Chennai Super Kings,2,1,not out,50.0,1.0,1.0,0.0,0.0,0.0,0.0,0.0,0.0,182,Rajasthan Royals,
68,Guwahati,"Barsapara Cricket Stadium, Guwahati",30-03-2025,11th Match,1,10,M Theekshana,Rajasthan Royals,Chennai Super Kings,4,2,not out,50.0,2.0,2.0,0.0,0.0,0.0,0.0,0.0,0.0,182,Rajasthan Royals,
69,Guwahati,"Barsapara Cricket Stadium, Guwahati",30-03-2025,11th Match,1,9,K Kartikeya,Rajasthan Royals,Chennai Super Kings,1,1,run out,100.0,0.0,1.0,0.0,0.0,0.0,0.0,0.0,0.0,182,Rajasthan Royals,
70,Guwahati,"Barsapara Cricket Stadium, Guwahati",30-03-2025,11th Match,1,8,JC Archer,Rajasthan Royals,Chennai Super Kings,2,0,caught,0.0,2.0,0.0,0.0,0.0,0.0,0.0,0.0,0.0,182,Rajasthan Royals,
71,Guwahati,"Barsapara Cricket Stadium, Guwahati",30-03-2025,11th Match,1,7,SO Hetmyer,Rajasthan Royals,Chennai Super Kings,16,19,caught,118.75,6.0,7.0,1.0,0.0,1.0,0.0,1.0,0.0,182,Rajasthan Royals,
72,Guwahati,"Barsapara Cricket Stadium, Guwahati",30-03-2025,11th Match,1,6,PW Hasaranga,Rajasthan Royals,Chennai Super Kings,5,4,caught,80.0,2.0,2.0,1.0,0.0,0.0,0.0,0.0,0.0,182,Rajasthan Royals,
73,Guwahati,"Barsapara Cricket Stadium, Guwahati",30-03-2025,11th Match,1,5,DC Jurel,Rajasthan Royals,Chennai Super Kings,7,3,caught,42.85,4.0,3.0,0.0,0.0,0.0,0.0,0.0,0.0,182,Rajasthan Royals,
74,Guwahati,"Barsapara Cricket Stadium, Guwahati",30-03-2025,11th Match,1,4,R Parag,Rajasthan Royals,Chennai Super Kings,28,37,bowled,132.14,9.0,13.0,2.0,0.0,2.0,0.0,2.0,0.0,182,Rajasthan Royals,
75,Guwahati,"Barsapara Cricket Stadium, Guwahati",30-03-2025,11th Match,1,3,N Rana,Rajasthan Royals,Chennai Super Kings,36,81,stumped,225.0,11.0,9.0,1.0,0.0,10.0,0.0,5.0,0.0,182,Rajasthan Royals,
76,Guwahati,"Barsapara Cricket Stadium, Guwahati",30-03-2025,11th Match,1,2,SV Samson,Rajasthan Royals,Chennai Super Kings,16,20,caught,125.0,4.0,10.0,0.0,0.0,1.0,0.0,1.0,0.0,182,Rajasthan Royals,
77,Guwahati,"Barsapara Cricket Stadium, Guwahati",30-03-2025,11th Match,1,1,YBK Jaiswal,Rajasthan Royals,Chennai Super Kings,3,4,caught,133.33,2.0,0.0,0.0,0.0,1.0,0.0,0.0,0.0,182,Rajasthan Royals,
78,Visakhapatnam,"Dr. Y.S. Rajasekhara Reddy ACA-VDCA Cricket Stadium, Visakhapatnam",30-03-2025,10th Match,2,5,T Stubbs,Delhi Capitals,Sunrisers Hyderabad,14,21,not out,150.0,2.0,9.0,0.0,0.0,3.0,0.0,0.0,0.0,166,Delhi Capitals,
79,Visakhapatnam,"Dr. Y.S. Rajasekhara Reddy ACA-VDCA Cricket Stadium, Visakhapatnam",30-03-2025,10th Match,2,4,KL Rahul,Delhi Capitals,Sunrisers Hyderabad,5,15,bowled,300.0,1.0,1.0,0.0,0.0,2.0,0.0,1.0,0.0,166,Delhi Capitals,
80,Visakhapatnam,"Dr. Y.S. Rajasekhara Reddy ACA-VDCA Cricket Stadium, Visakhapatnam",30-03-2025,10th Match,2,3,Abishek Porel,Delhi Capitals,Sunrisers Hyderabad,18,34,not out,188.88,0.0,14.0,0.0,0.0,2.0,0.0,2.0,0.0,166,Delhi Capitals,
81,Visakhapatnam,"Dr. Y.S. Rajasekhara Reddy ACA-VDCA Cricket Stadium, Visakhapatnam",30-03-2025,10th Match,2,2,F du Plessis,Delhi Capitals,Sunrisers Hyderabad,27,50,caught,185.18,5.0,12.0,4.0,0.0,3.0,0.0,3.0,0.0,166,Delhi Capitals,
82,Visakhapatnam,"Dr. Y.S. Rajasekhara Reddy ACA-VDCA Cricket Stadium, Visakhapatnam",30-03-2025,10th Match,2,1,J Fraser-McGurk,Delhi Capitals,Sunrisers Hyderabad,32,38,caught,118.75,18.0,6.0,2.0,0.0,4.0,0.0,2.0,0.0,166,Delhi Capitals,
83,Visakhapatnam,"Dr. Y.S. Rajasekhara Reddy ACA-VDCA Cricket Stadium, Visakhapatnam",30-03-2025,10th Match,1,11,Mohammed Shami,Sunrisers Hyderabad,Delhi Capitals,1,1,not out,100.0,0.0,1.0,0.0,0.0,0.0,0.0,0.0,0.0,163,Delhi Capitals,
84,Visakhapatnam,"Dr. Y.S. Rajasekhara Reddy ACA-VDCA Cricket Stadium, Visakhapatnam",30-03-2025,10th Match,1,10,HV Patel,Sunrisers Hyderabad,Delhi Capitals,9,5,caught,55.55,4.0,5.0,0.0,0.0,0.0,0.0,0.0,0.0,163,Delhi Capitals,
85,Visakhapatnam,"Dr. Y.S. Rajasekhara Reddy ACA-VDCA Cricket Stadium, Visakhapatnam",30-03-2025,10th Match,1,9,PWA Mulder,Sunrisers Hyderabad,Delhi Capitals,11,9,caught,81.81,5.0,5.0,0.0,0.0,1.0,0.0,0.0,0.0,163,Delhi Capitals,
86,Visakhapatnam,"Dr. Y.S. Rajasekhara Reddy ACA-VDCA Cricket Stadium, Visakhapatnam",30-03-2025,10th Match,1,8,PJ Cummins,Sunrisers Hyderabad,Delhi Capitals,7,2,caught,28.57,5.0,2.0,0.0,0.0,0.0,0.0,0.0,0.0,163,Delhi Capitals,
87,Visakhapatnam,"Dr. Y.S. Rajasekhara Reddy ACA-VDCA Cricket Stadium, Visakhapatnam",30-03-2025,10th Match,1,7,A Manohar,Sunrisers Hyderabad,Delhi Capitals,6,4,caught,66.66,3.0,2.0,1.0,0.0,0.0,0.0,0.0,0.0,163,Delhi Capitals,
88,Visakhapatnam,"Dr. Y.S. Rajasekhara Reddy ACA-VDCA Cricket Stadium, Visakhapatnam",30-03-2025,10th Match,1,6,H Klaasen,Sunrisers Hyderabad,Delhi Capitals,19,32,caught,168.42,3.0,12.0,0.0,0.0,2.0,0.0,2.0,0.0,163,Delhi Capitals,
89,Visakhapatnam,"Dr. Y.S. Rajasekhara Reddy ACA-VDCA Cricket Stadium, Visakhapatnam",30-03-2025,10th Match,1,5,Aniket Verma,Sunrisers Hyderabad,Delhi Capitals,41,74,caught,180.48,13.0,16.0,1.0,0.0,5.0,0.0,6.0,0.0,163,Delhi Capitals,
90,Visakhapatnam,"Dr. Y.S. Rajasekhara Reddy ACA-VDCA Cricket Stadium, Visakhapatnam",30-03-2025,10th Match,1,4,K Nitish Kumar Reddy,Sunrisers Hyderabad,Delhi Capitals,2,0,caught,0.0,2.0,0.0,0.0,0.0,0.0,0.0,0.0,0.0,163,Delhi Capitals,
91,Visakhapatnam,"Dr. Y.S. Rajasekhara Reddy ACA-VDCA Cricket Stadium, Visakhapatnam",30-03-2025,10th Match,1,3,Ishan Kishan,Sunrisers Hyderabad,Delhi Capitals,5,2,caught,40.0,3.0,2.0,0.0,0.0,0.0,0.0,0.0,0.0,163,Delhi Capitals,
92,Visakhapatnam,"Dr. Y.S. Rajasekhara Reddy ACA-VDCA Cricket Stadium, Visakhapatnam",30-03-2025,10th Match,1,2,TM Head,Sunrisers Hyderabad,Delhi Capitals,12,22,caught,183.33,3.0,4.0,1.0,0.0,4.0,0.0,0.0,0.0,163,Delhi Capitals,
93,Visakhapatnam,"Dr. Y.S. Rajasekhara Reddy ACA-VDCA Cricket Stadium, Visakhapatnam",30-03-2025,10th Match,1,1,Abhishek Sharma,Sunrisers Hyderabad,Delhi Capitals,1,1,run out,100.0,0.0,1.0,0.0,0.0,0.0,0.0,0.0,0.0,163,Delhi Capitals,
94,Ahmedabad,"Narendra Modi Stadium, Motera, Ahmedabad",29-03-2025,9th Match,2,8,MJ Santner,Mumbai Indians,Gujarat Titans,9,18,not out,200.0,4.0,2.0,0.0,0.0,1.0,0.0,2.0,0.0,160,Gujarat Titans,
95,Ahmedabad,"Narendra Modi Stadium, Motera, Ahmedabad",29-03-2025,9th Match,2,7,Naman Dhir,Mumbai Indians,Gujarat Titans,11,18,not out,163.63,2.0,6.0,0.0,0.0,3.0,0.0,0.0,0.0,160,Gujarat Titans,
96,Ahmedabad,"Narendra Modi Stadium, Motera, Ahmedabad",29-03-2025,9th Match,2,6,HH Pandya,Mumbai Indians,Gujarat Titans,17,11,caught,64.7,10.0,5.0,1.0,0.0,1.0,0.0,0.0,0.0,160,Gujarat Titans,
97,Ahmedabad,"Narendra Modi Stadium, Motera, Ahmedabad",29-03-2025,9th Match,2,5,Robin Minz,Mumbai Indians,Gujarat Titans,6,3,caught,50.0,4.0,1.0,1.0,0.0,0.0,0.0,0.0,0.0,160,Gujarat Titans,
98,Ahmedabad,"Narendra Modi Stadium, Motera, Ahmedabad",29-03-2025,9th Match,2,4,SA Yadav,Mumbai Indians,Gujarat Titans,28,48,caught,171.42,5.0,16.0,2.0,0.0,1.0,0.0,4.0,0.0,160,Gujarat Titans,
99,Ahmedabad,"Narendra Modi Stadium, Motera, Ahmedabad",29-03-2025,9th Match,2,3,NT Tilak Varma,Mumbai Indians,Gujarat Titans,36,39,caught,108.33,14.0,16.0,1.0,1.0,3.0,0.0,1.0,0.0,160,Gujarat Titans,
100,Ahmedabad,"Narendra Modi Stadium, Motera, Ahmedabad",29-03-2025,9th Match,2,2,RD Rickelton,Mumbai Indians,Gujarat Titans,9,6,bowled,66.66,6.0,2.0,0.0,0.0,1.0,0.0,0.0,0.0,160,Gujarat Titans,
101,Ahmedabad,"Narendra Modi Stadium, Motera, Ahmedabad",29-03-2025,9th Match,2,1,RG Sharma,Mumbai Indians,Gujarat Titans,4,8,bowled,200.0,2.0,0.0,0.0,0.0,2.0,0.0,0.0,0.0,160,Gujarat Titans,
102,Ahmedabad,"Narendra Modi Stadium, Motera, Ahmedabad",29-03-2025,9th Match,1,9,R Sai Kishore,Gujarat Titans,Mumbai Indians,1,1,run out,100.0,0.0,1.0,0.0,0.0,0.0,0.0,0.0,0.0,196,Gujarat Titans,
103,Ahmedabad,"Narendra Modi Stadium, Motera, Ahmedabad",29-03-2025,9th Match,1,8,K Rabada,Gujarat Titans,Mumbai Indians,5,7,not out,140.0,3.0,1.0,0.0,0.0,0.0,0.0,1.0,0.0,196,Gujarat Titans,
104,Ahmedabad,"Narendra Modi Stadium, Motera, Ahmedabad",29-03-2025,9th Match,1,7,Rashid Khan,Gujarat Titans,Mumbai Indians,4,6,caught,150.0,3.0,0.0,0.0,0.0,0.0,0.0,1.0,0.0,196,Gujarat Titans,
105,Ahmedabad,"Narendra Modi Stadium, Motera, Ahmedabad",29-03-2025,9th Match,1,6,R Tewatia,Gujarat Titans,Mumbai Indians,0,0,run out,0.0,,,,,,,,,196,Gujarat Titans,
106,Ahmedabad,"Narendra Modi Stadium, Motera, Ahmedabad",29-03-2025,9th Match,1,5,SE Rutherford,Gujarat Titans,Mumbai Indians,11,18,caught,163.63,3.0,6.0,0.0,0.0,0.0,0.0,2.0,0.0,196,Gujarat Titans,
107,Ahmedabad,"Narendra Modi Stadium, Motera, Ahmedabad",29-03-2025,9th Match,1,4,M Shahrukh Khan,Gujarat Titans,Mumbai Indians,7,9,caught,128.57,3.0,3.0,0.0,0.0,0.0,0.0,1.0,0.0,196,Gujarat Titans,
108,Ahmedabad,"Narendra Modi Stadium, Motera, Ahmedabad",29-03-2025,9th Match,1,3,JC Buttler,Gujarat Titans,Mumbai Indians,24,39,caught,162.5,7.0,9.0,2.0,0.0,5.0,0.0,1.0,0.0,196,Gujarat Titans,
109,Ahmedabad,"Narendra Modi Stadium, Motera, Ahmedabad",29-03-2025,9th Match,1,2,Shubman Gill,Gujarat Titans,Mumbai Indians,27,38,caught,140.74,10.0,8.0,4.0,0.0,4.0,0.0,1.0,0.0,196,Gujarat Titans,
110,Ahmedabad,"Narendra Modi Stadium, Motera, Ahmedabad",29-03-2025,9th Match,1,1,B Sai Sudharsan,Gujarat Titans,Mumbai Indians,41,63,lbw,153.65,7.0,24.0,3.0,0.0,4.0,1.0,2.0,0.0,196,Gujarat Titans,
111,Chennai,"MA Chidambaram Stadium, Chepauk, Chennai",28-03-2025,8th Match,2,10,Noor Ahmad,Chennai Super Kings,Royal Challengers Bengaluru,2,0,not out,0.0,2.0,0.0,0.0,0.0,0.0,0.0,0.0,0.0,146,Royal Challengers Bengaluru,
112,Chennai,"MA Chidambaram Stadium, Chepauk, Chennai",28-03-2025,8th Match,2,9,MS Dhoni,Chennai Super Kings,Royal Challengers Bengaluru,16,30,not out,187.5,6.0,4.0,1.0,0.0,3.0,0.0,2.0,0.0,146,Royal Challengers Bengaluru,
113,Chennai,"MA Chidambaram Stadium, Chepauk, Chennai",28-03-2025,8th Match,2,8,R Ashwin,Chennai Super Kings,Royal Challengers Bengaluru,8,11,caught,137.5,1.0,5.0,1.0,0.0,1.0,0.0,0.0,0.0,146,Royal Challengers Bengaluru,
114,Chennai,"MA Chidambaram Stadium, Chepauk, Chennai",28-03-2025,8th Match,2,7,RA Jadeja,Chennai Super Kings,Royal Challengers Bengaluru,19,25,caught,131.57,7.0,7.0,2.0,0.0,2.0,0.0,1.0,0.0,146,Royal Challengers Bengaluru,
115,Chennai,"MA Chidambaram Stadium, Chepauk, Chennai",28-03-2025,8th Match,2,6,S Dube,Chennai Super Kings,Royal Challengers Bengaluru,15,19,bowled,126.66,7.0,5.0,0.0,0.0,2.0,0.0,1.0,0.0,146,Royal Challengers Bengaluru,
116,Chennai,"MA Chidambaram Stadium, Chepauk, Chennai",28-03-2025,8th Match,2,5,SM Curran,Chennai Super Kings,Royal Challengers Bengaluru,13,8,caught,61.53,6.0,6.0,1.0,0.0,0.0,0.0,0.0,0.0,146,Royal Challengers Bengaluru,
117,Chennai,"MA Chidambaram Stadium, Chepauk, Chennai",28-03-2025,8th Match,2,4,DJ Hooda,Chennai Super Kings,Royal Challengers Bengaluru,9,4,caught,44.44,8.0,0.0,0.0,0.0,1.0,0.0,0.0,0.0,146,Royal Challengers Bengaluru,
118,Chennai,"MA Chidambaram Stadium, Chepauk, Chennai",28-03-2025,8th Match,2,3,RD Gaikwad,Chennai Super Kings,Royal Challengers Bengaluru,4,0,caught,0.0,4.0,0.0,0.0,0.0,0.0,0.0,0.0,0.0,146,Royal Challengers Bengaluru,
119,Chennai,"MA Chidambaram Stadium, Chepauk, Chennai",28-03-2025,8th Match,2,2,RA Tripathi,Chennai Super Kings,Royal Challengers Bengaluru,3,5,caught,166.66,1.0,1.0,0.0,0.0,1.0,0.0,0.0,0.0,146,Royal Challengers Bengaluru,
120,Chennai,"MA Chidambaram Stadium, Chepauk, Chennai",28-03-2025,8th Match,2,1,R Ravindra,Chennai Super Kings,Royal Challengers Bengaluru,31,41,bowled,132.25,7.0,17.0,2.0,0.0,5.0,0.0,0.0,0.0,146,Royal Challengers Bengaluru,
121,Chennai,"MA Chidambaram Stadium, Chepauk, Chennai",28-03-2025,8th Match,1,9,B Kumar,Royal Challengers Bengaluru,Chennai Super Kings,2,0,not out,0.0,2.0,0.0,0.0,0.0,0.0,0.0,0.0,0.0,196,Royal Challengers Bengaluru,
122,Chennai,"MA Chidambaram Stadium, Chepauk, Chennai",28-03-2025,8th Match,1,8,KH Pandya,Royal Challengers Bengaluru,Chennai Super Kings,3,0,caught,0.0,3.0,0.0,0.0,0.0,0.0,0.0,0.0,0.0,196,Royal Challengers Bengaluru,
123,Chennai,"MA Chidambaram Stadium, Chepauk, Chennai",28-03-2025,8th Match,1,7,TH David,Royal Challengers Bengaluru,Chennai Super Kings,8,22,not out,275.0,4.0,0.0,0.0,0.0,1.0,0.0,3.0,0.0,196,Royal Challengers Bengaluru,
124,Chennai,"MA Chidambaram Stadium, Chepauk, Chennai",28-03-2025,8th Match,1,6,JM Sharma,Royal Challengers Bengaluru,Chennai Super Kings,6,12,caught,200.0,2.0,2.0,0.0,0.0,1.0,0.0,1.0,0.0,196,Royal Challengers Bengaluru,
125,Chennai,"MA Chidambaram Stadium, Chepauk, Chennai",28-03-2025,8th Match,1,5,LS Livingstone,Royal Challengers Bengaluru,Chennai Super Kings,9,10,bowled,111.11,5.0,2.0,1.0,0.0,0.0,0.0,1.0,0.0,196,Royal Challengers Bengaluru,
126,Chennai,"MA Chidambaram Stadium, Chepauk, Chennai",28-03-2025,8th Match,1,4,RM Patidar,Royal Challengers Bengaluru,Chennai Super Kings,32,51,caught,159.37,8.0,17.0,0.0,0.0,4.0,0.0,3.0,0.0,196,Royal Challengers Bengaluru,
127,Chennai,"MA Chidambaram Stadium, Chepauk, Chennai",28-03-2025,8th Match,1,3,D Padikkal,Royal Challengers Bengaluru,Chennai Super Kings,14,27,caught,192.85,5.0,3.0,2.0,0.0,2.0,0.0,2.0,0.0,196,Royal Challengers Bengaluru,
128,Chennai,"MA Chidambaram Stadium, Chepauk, Chennai",28-03-2025,8th Match,1,2,V Kohli,Royal Challengers Bengaluru,Chennai Super Kings,30,31,caught,103.33,12.0,13.0,2.0,0.0,2.0,0.0,1.0,0.0,196,Royal Challengers Bengaluru,
129,Chennai,"MA Chidambaram Stadium, Chepauk, Chennai",28-03-2025,8th Match,1,1,PD Salt,Royal Challengers Bengaluru,Chennai Super Kings,16,32,stumped,200.0,5.0,4.0,1.0,0.0,5.0,0.0,1.0,0.0,196,Royal Challengers Bengaluru,
130,Hyderabad,"Rajiv Gandhi International Stadium, Uppal, Hyderabad",27-03-2025,7th Match,2,7,Abdul Samad,Lucknow Super Giants,Sunrisers Hyderabad,8,22,not out,275.0,2.0,2.0,0.0,0.0,2.0,0.0,2.0,0.0,193,Lucknow Super Giants,
131,Hyderabad,"Rajiv Gandhi International Stadium, Uppal, Hyderabad",27-03-2025,7th Match,2,6,DA Miller,Lucknow Super Giants,Sunrisers Hyderabad,7,13,not out,185.71,0.0,5.0,0.0,0.0,2.0,0.0,0.0,0.0,193,Lucknow Super Giants,
132,Hyderabad,"Rajiv Gandhi International Stadium, Uppal, Hyderabad",27-03-2025,7th Match,2,5,A Badoni,Lucknow Super Giants,Sunrisers Hyderabad,6,6,caught,100.0,3.0,2.0,0.0,0.0,1.0,0.0,0.0,0.0,193,Lucknow Super Giants,
133,Hyderabad,"Rajiv Gandhi International Stadium, Uppal, Hyderabad",27-03-2025,7th Match,2,4,RR Pant,Lucknow Super Giants,Sunrisers Hyderabad,15,15,caught,100.0,5.0,9.0,0.0,0.0,0.0,0.0,1.0,0.0,193,Lucknow Super Giants,
134,Hyderabad,"Rajiv Gandhi International Stadium, Uppal, Hyderabad",27-03-2025,7th Match,2,3,N Pooran,Lucknow Super Giants,Sunrisers Hyderabad,26,70,lbw,269.23,6.0,7.0,0.0,1.0,6.0,0.0,6.0,0.0,193,Lucknow Super Giants,
135,Hyderabad,"Rajiv Gandhi International Stadium, Uppal, Hyderabad",27-03-2025,7th Match,2,2,AK Markram,Lucknow Super Giants,Sunrisers Hyderabad,4,1,caught,25.0,3.0,1.0,0.0,0.0,0.0,0.0,0.0,0.0,193,Lucknow Super Giants,
136,Hyderabad,"Rajiv Gandhi International Stadium, Uppal, Hyderabad",27-03-2025,7th Match,2,1,MR Marsh,Lucknow Super Giants,Sunrisers Hyderabad,31,52,caught,167.74,10.0,12.0,0.0,0.0,7.0,0.0,2.0,0.0,193,Lucknow Super Giants,
137,Hyderabad,"Rajiv Gandhi International Stadium, Uppal, Hyderabad",27-03-2025,7th Match,1,11,Simarjeet Singh,Sunrisers Hyderabad,Lucknow Super Giants,4,3,not out,75.0,1.0,3.0,0.0,0.0,0.0,0.0,0.0,0.0,190,Lucknow Super Giants,
138,Hyderabad,"Rajiv Gandhi International Stadium, Uppal, Hyderabad",27-03-2025,7th Match,1,10,Mohammed Shami,Sunrisers Hyderabad,Lucknow Super Giants,3,1,caught,33.33,2.0,1.0,0.0,0.0,0.0,0.0,0.0,0.0,190,Lucknow Super Giants,
139,Hyderabad,"Rajiv Gandhi International Stadium, Uppal, Hyderabad",27-03-2025,7th Match,1,9,HV Patel,Sunrisers Hyderabad,Lucknow Super Giants,11,12,not out,109.09,1.0,8.0,2.0,0.0,0.0,0.0,0.0,0.0,190,Lucknow Super Giants,
140,Hyderabad,"Rajiv Gandhi International Stadium, Uppal, Hyderabad",27-03-2025,7th Match,1,8,PJ Cummins,Sunrisers Hyderabad,Lucknow Super Giants,4,18,caught,450.0,1.0,0.0,0.0,0.0,0.0,0.0,3.0,0.0,190,Lucknow Super Giants,
141,Hyderabad,"Rajiv Gandhi International Stadium, Uppal, Hyderabad",27-03-2025,7th Match,1,7,A Manohar,Sunrisers Hyderabad,Lucknow Super Giants,6,2,caught,33.33,4.0,2.0,0.0,0.0,0.0,0.0,0.0,0.0,190,Lucknow Super Giants,
142,Hyderabad,"Rajiv Gandhi International Stadium, Uppal, Hyderabad",27-03-2025,7th Match,1,6,Aniket Verma,Sunrisers Hyderabad,Lucknow Super Giants,13,36,caught,276.92,4.0,2.0,2.0,0.0,0.0,0.0,5.0,0.0,190,Lucknow Super Giants,
143,Hyderabad,"Rajiv Gandhi International Stadium, Uppal, Hyderabad",27-03-2025,7th Match,1,5,H Klaasen,Sunrisers Hyderabad,Lucknow Super Giants,17,26,run out,152.94,3.0,10.0,1.0,0.0,2.0,0.0,1.0,0.0,190,Lucknow Super Giants,
144,Hyderabad,"Rajiv Gandhi International Stadium, Uppal, Hyderabad",27-03-2025,7th Match,1,4,K Nitish Kumar Reddy,Sunrisers Hyderabad,Lucknow Super Giants,28,32,bowled,114.28,7.0,15.0,3.0,1.0,2.0,0.0,0.0,0.0,190,Lucknow Super Giants,
145,Hyderabad,"Rajiv Gandhi International Stadium, Uppal, Hyderabad",27-03-2025,7th Match,1,3,Ishan Kishan,Sunrisers Hyderabad,Lucknow Super Giants,1,0,caught,0.0,1.0,0.0,0.0,0.0,0.0,0.0,0.0,0.0,190,Lucknow Super Giants,
146,Hyderabad,"Rajiv Gandhi International Stadium, Uppal, Hyderabad",27-03-2025,7th Match,1,2,Abhishek Sharma,Sunrisers Hyderabad,Lucknow Super Giants,6,6,caught,100.0,3.0,2.0,0.0,0.0,1.0,0.0,0.0,0.0,190,Lucknow Super Giants,
147,Hyderabad,"Rajiv Gandhi International Stadium, Uppal, Hyderabad",27-03-2025,7th Match,1,1,TM Head,Sunrisers Hyderabad,Lucknow Super Giants,28,47,bowled,167.85,12.0,7.0,1.0,0.0,5.0,0.0,3.0,0.0,190,Lucknow Super Giants,
148,Guwahati,"Barsapara Cricket Stadium, Guwahati",26-03-2025,6th Match,2,4,A Raghuvanshi,Kolkata Knight Riders,Rajasthan Royals,17,22,not out,129.41,1.0,14.0,0.0,0.0,2.0,0.0,0.0,0.0,153,Kolkata Knight Riders,
149,Guwahati,"Barsapara Cricket Stadium, Guwahati",26-03-2025,6th Match,2,3,AM Rahane,Kolkata Knight Riders,Rajasthan Royals,15,18,caught,120.0,6.0,6.0,1.0,0.0,1.0,0.0,1.0,0.0,153,Kolkata Knight Riders,
150,Guwahati,"Barsapara Cricket Stadium, Guwahati",26-03-2025,6th Match,2,2,Q de Kock,Kolkata Knight Riders,Rajasthan Royals,61,97,not out,159.01,19.0,27.0,1.0,0.0,8.0,0.0,6.0,0.0,153,Kolkata Knight Riders,
151,Guwahati,"Barsapara Cricket Stadium, Guwahati",26-03-2025,6th Match,2,1,MM Ali,Kolkata Knight Riders,Rajasthan Royals,12,5,run out,41.66,7.0,5.0,0.0,0.0,0.0,0.0,0.0,0.0,153,Kolkata Knight Riders,
152,Guwahati,"Barsapara Cricket Stadium, Guwahati",26-03-2025,6th Match,1,11,TU Deshpande,Rajasthan Royals,Kolkata Knight Riders,1,2,not out,200.0,0.0,0.0,1.0,0.0,0.0,0.0,0.0,0.0,151,Kolkata Knight Riders,
153,Guwahati,"Barsapara Cricket Stadium, Guwahati",26-03-2025,6th Match,1,10,M Theekshana,Rajasthan Royals,Kolkata Knight Riders,1,1,not out,100.0,0.0,1.0,0.0,0.0,0.0,0.0,0.0,0.0,151,Kolkata Knight Riders,
154,Guwahati,"Barsapara Cricket Stadium, Guwahati",26-03-2025,6th Match,1,9,JC Archer,Rajasthan Royals,Kolkata Knight Riders,7,16,bowled,228.57,2.0,2.0,1.0,0.0,0.0,0.0,2.0,0.0,151,Kolkata Knight Riders,
155,Guwahati,"Barsapara Cricket Stadium, Guwahati",26-03-2025,6th Match,1,8,SO Hetmyer,Rajasthan Royals,Kolkata Knight Riders,8,7,caught,87.5,4.0,3.0,0.0,0.0,1.0,0.0,0.0,0.0,151,Kolkata Knight Riders,
156,Guwahati,"Barsapara Cricket Stadium, Guwahati",26-03-2025,6th Match,1,7,SB Dubey,Rajasthan Royals,Kolkata Knight Riders,12,9,caught,75.0,6.0,5.0,0.0,0.0,1.0,0.0,0.0,0.0,151,Kolkata Knight Riders,
157,Guwahati,"Barsapara Cricket Stadium, Guwahati",26-03-2025,6th Match,1,6,DC Jurel,Rajasthan Royals,Kolkata Knight Riders,28,33,bowled,117.85,11.0,11.0,1.0,0.0,5.0,0.0,0.0,0.0,151,Kolkata Knight Riders,
158,Guwahati,"Barsapara Cricket Stadium, Guwahati",26-03-2025,6th Match,1,5,PW Hasaranga,Rajasthan Royals,Kolkata Knight Riders,4,4,caught,100.0,1.0,2.0,1.0,0.0,0.0,0.0,0.0,0.0,151,Kolkata Knight Riders,
159,Guwahati,"Barsapara Cricket Stadium, Guwahati",26-03-2025,6th Match,1,4,N Rana,Rajasthan Royals,Kolkata Knight Riders,9,8,bowled,88.88,2.0,6.0,1.0,0.0,0.0,0.0,0.0,0.0,151,Kolkata Knight Riders,
160,Guwahati,"Barsapara Cricket Stadium, Guwahati",26-03-2025,6th Match,1,3,R Parag,Rajasthan Royals,Kolkata Knight Riders,15,25,caught,166.66,5.0,7.0,0.0,0.0,0.0,0.0,3.0,0.0,151,Kolkata Knight Riders,
161,Guwahati,"Barsapara Cricket Stadium, Guwahati",26-03-2025,6th Match,1,2,SV Samson,Rajasthan Royals,Kolkata Knight Riders,11,13,bowled,118.18,5.0,3.0,1.0,0.0,2.0,0.0,0.0,0.0,151,Kolkata Knight Riders,
162,Guwahati,"Barsapara Cricket Stadium, Guwahati",26-03-2025,6th Match,1,1,YBK Jaiswal,Rajasthan Royals,Kolkata Knight Riders,24,29,caught,120.83,11.0,9.0,0.0,0.0,2.0,0.0,2.0,0.0,151,Kolkata Knight Riders,
163,Ahmedabad,"Narendra Modi Stadium, Motera, Ahmedabad",25-03-2025,5th Match,2,7,Arshad Khan,Gujarat Titans,Punjab Kings,1,1,not out,100.0,0.0,1.0,0.0,0.0,0.0,0.0,0.0,0.0,232,Punjab Kings,
164,Ahmedabad,"Narendra Modi Stadium, Motera, Ahmedabad",25-03-2025,5th Match,2,6,M Shahrukh Khan,Gujarat Titans,Punjab Kings,1,6,not out,600.0,0.0,0.0,0.0,0.0,0.0,0.0,1.0,0.0,232,Punjab Kings,
165,Ahmedabad,"Narendra Modi Stadium, Motera, Ahmedabad",25-03-2025,5th Match,2,5,R Tewatia,Gujarat Titans,Punjab Kings,2,6,run out,300.0,1.0,0.0,0.0,0.0,0.0,0.0,1.0,0.0,232,Punjab Kings,
166,Ahmedabad,"Narendra Modi Stadium, Motera, Ahmedabad",25-03-2025,5th Match,2,4,SE Rutherford,Gujarat Titans,Punjab Kings,28,46,bowled,164.28,11.0,8.0,2.0,0.0,4.0,0.0,3.0,0.0,232,Punjab Kings,
167,Ahmedabad,"Narendra Modi Stadium, Motera, Ahmedabad",25-03-2025,5th Match,2,3,JC Buttler,Gujarat Titans,Punjab Kings,33,54,bowled,163.63,7.0,14.0,6.0,0.0,4.0,0.0,2.0,0.0,232,Punjab Kings,
168,Ahmedabad,"Narendra Modi Stadium, Motera, Ahmedabad",25-03-2025,5th Match,2,2,Shubman Gill,Gujarat Titans,Punjab Kings,14,33,caught,235.71,4.0,3.0,2.0,0.0,2.0,0.0,3.0,0.0,232,Punjab Kings,
169,Ahmedabad,"Narendra Modi Stadium, Motera, Ahmedabad",25-03-2025,5th Match,2,1,B Sai Sudharsan,Gujarat Titans,Punjab Kings,41,74,caught,180.48,14.0,14.0,2.0,0.0,5.0,0.0,6.0,0.0,232,Punjab Kings,
170,Ahmedabad,"Narendra Modi Stadium, Motera, Ahmedabad",25-03-2025,5th Match,1,7,Shashank Singh,Punjab Kings,Gujarat Titans,16,44,not out,275.0,2.0,4.0,2.0,0.0,6.0,0.0,2.0,0.0,243,Punjab Kings,
171,Ahmedabad,"Narendra Modi Stadium, Motera, Ahmedabad",25-03-2025,5th Match,1,6,MP Stoinis,Punjab Kings,Gujarat Titans,15,20,caught,133.33,8.0,4.0,0.0,0.0,1.0,0.0,2.0,0.0,243,Punjab Kings,
172,Ahmedabad,"Narendra Modi Stadium, Motera, Ahmedabad",25-03-2025,5th Match,1,5,GJ Maxwell,Punjab Kings,Gujarat Titans,1,0,lbw,0.0,1.0,0.0,0.0,0.0,0.0,0.0,0.0,0.0,243,Punjab Kings,
173,Ahmedabad,"Narendra Modi Stadium, Motera, Ahmedabad",25-03-2025,5th Match,1,4,Azmatullah Omarzai,Punjab Kings,Gujarat Titans,15,16,caught,106.66,10.0,2.0,0.0,0.0,2.0,0.0,1.0,0.0,243,Punjab Kings,
174,Ahmedabad,"Narendra Modi Stadium, Motera, Ahmedabad",25-03-2025,5th Match,1,3,SS Iyer,Punjab Kings,Gujarat Titans,42,97,not out,230.95,9.0,15.0,4.0,0.0,5.0,0.0,9.0,0.0,243,Punjab Kings,
175,Ahmedabad,"Narendra Modi Stadium, Motera, Ahmedabad",25-03-2025,5th Match,1,2,Prabhsimran Singh,Punjab Kings,Gujarat Titans,8,5,caught,62.5,6.0,1.0,0.0,0.0,1.0,0.0,0.0,0.0,243,Punjab Kings,
176,Ahmedabad,"Narendra Modi Stadium, Motera, Ahmedabad",25-03-2025,5th Match,1,1,Priyansh Arya,Punjab Kings,Gujarat Titans,23,47,caught,204.34,9.0,3.0,2.0,0.0,7.0,0.0,2.0,0.0,243,Punjab Kings,
177,Visakhapatnam,"Dr. Y.S. Rajasekhara Reddy ACA-VDCA Cricket Stadium, Visakhapatnam",24-03-2025,4th Match,2,11,MM Sharma,Delhi Capitals,Lucknow Super Giants,2,1,not out,50.0,1.0,1.0,0.0,0.0,0.0,0.0,0.0,0.0,211,Delhi Capitals,
178,Visakhapatnam,"Dr. Y.S. Rajasekhara Reddy ACA-VDCA Cricket Stadium, Visakhapatnam",24-03-2025,4th Match,2,10,Kuldeep Yadav,Delhi Capitals,Lucknow Super Giants,5,5,run out,100.0,3.0,1.0,0.0,0.0,1.0,0.0,0.0,0.0,211,Delhi Capitals,
179,Visakhapatnam,"Dr. Y.S. Rajasekhara Reddy ACA-VDCA Cricket Stadium, Visakhapatnam",24-03-2025,4th Match,2,9,MA Starc,Delhi Capitals,Lucknow Super Giants,5,2,caught,40.0,3.0,2.0,0.0,0.0,0.0,0.0,0.0,0.0,211,Delhi Capitals,
180,Visakhapatnam,"Dr. Y.S. Rajasekhara Reddy ACA-VDCA Cricket Stadium, Visakhapatnam",24-03-2025,4th Match,2,8,Vipraj Nigam,Delhi Capitals,Lucknow Super Giants,15,39,caught,260.0,1.0,7.0,0.0,0.0,5.0,0.0,2.0,0.0,211,Delhi Capitals,
181,Visakhapatnam,"Dr. Y.S. Rajasekhara Reddy ACA-VDCA Cricket Stadium, Visakhapatnam",24-03-2025,4th Match,2,7,AR Sharma,Delhi Capitals,Lucknow Super Giants,31,66,not out,212.9,7.0,12.0,2.0,0.0,5.0,0.0,5.0,0.0,211,Delhi Capitals,
182,Visakhapatnam,"Dr. Y.S. Rajasekhara Reddy ACA-VDCA Cricket Stadium, Visakhapatnam",24-03-2025,4th Match,2,6,T Stubbs,Delhi Capitals,Lucknow Super Giants,22,34,bowled,154.54,6.0,12.0,0.0,0.0,1.0,0.0,3.0,0.0,211,Delhi Capitals,
183,Visakhapatnam,"Dr. Y.S. Rajasekhara Reddy ACA-VDCA Cricket Stadium, Visakhapatnam",24-03-2025,4th Match,2,5,AR Patel,Delhi Capitals,Lucknow Super Giants,11,22,caught,200.0,3.0,4.0,0.0,0.0,3.0,0.0,1.0,0.0,211,Delhi Capitals,
184,Visakhapatnam,"Dr. Y.S. Rajasekhara Reddy ACA-VDCA Cricket Stadium, Visakhapatnam",24-03-2025,4th Match,2,4,Sameer Rizvi,Delhi Capitals,Lucknow Super Giants,4,4,caught,100.0,3.0,0.0,0.0,0.0,1.0,0.0,0.0,0.0,211,Delhi Capitals,
185,Visakhapatnam,"Dr. Y.S. Rajasekhara Reddy ACA-VDCA Cricket Stadium, Visakhapatnam",24-03-2025,4th Match,2,3,Abishek Porel,Delhi Capitals,Lucknow Super Giants,2,0,caught,0.0,2.0,0.0,0.0,0.0,0.0,0.0,0.0,0.0,211,Delhi Capitals,
186,Visakhapatnam,"Dr. Y.S. Rajasekhara Reddy ACA-VDCA Cricket Stadium, Visakhapatnam",24-03-2025,4th Match,2,2,F du Plessis,Delhi Capitals,Lucknow Super Giants,18,29,caught,161.11,8.0,5.0,0.0,0.0,3.0,0.0,2.0,0.0,211,Delhi Capitals,
187,Visakhapatnam,"Dr. Y.S. Rajasekhara Reddy ACA-VDCA Cricket Stadium, Visakhapatnam",24-03-2025,4th Match,2,1,J Fraser-McGurk,Delhi Capitals,Lucknow Super Giants,2,1,caught,50.0,1.0,1.0,0.0,0.0,0.0,0.0,0.0,0.0,211,Delhi Capitals,
188,Visakhapatnam,"Dr. Y.S. Rajasekhara Reddy ACA-VDCA Cricket Stadium, Visakhapatnam",24-03-2025,4th Match,1,10,Digvesh Rathi,Lucknow Super Giants,Delhi Capitals,0,0,not out,0.0,,,,,,,,,209,Delhi Capitals,
189,Visakhapatnam,"Dr. Y.S. Rajasekhara Reddy ACA-VDCA Cricket Stadium, Visakhapatnam",24-03-2025,4th Match,1,9,Ravi Bishnoi,Lucknow Super Giants,Delhi Capitals,2,0,bowled,0.0,2.0,0.0,0.0,0.0,0.0,0.0,0.0,0.0,209,Delhi Capitals,
190,Visakhapatnam,"Dr. Y.S. Rajasekhara Reddy ACA-VDCA Cricket Stadium, Visakhapatnam",24-03-2025,4th Match,1,8,Shahbaz Ahmed,Lucknow Super Giants,Delhi Capitals,8,9,caught,112.5,2.0,5.0,0.0,0.0,1.0,0.0,0.0,0.0,209,Delhi Capitals,
191,Visakhapatnam,"Dr. Y.S. Rajasekhara Reddy ACA-VDCA Cricket Stadium, Visakhapatnam",24-03-2025,4th Match,1,7,SN Thakur,Lucknow Super Giants,Delhi Capitals,2,0,run out,0.0,2.0,0.0,0.0,0.0,0.0,0.0,0.0,0.0,209,Delhi Capitals,
192,Visakhapatnam,"Dr. Y.S. Rajasekhara Reddy ACA-VDCA Cricket Stadium, Visakhapatnam",24-03-2025,4th Match,1,6,A Badoni,Lucknow Super Giants,Delhi Capitals,5,4,caught,80.0,1.0,4.0,0.0,0.0,0.0,0.0,0.0,0.0,209,Delhi Capitals,
193,Visakhapatnam,"Dr. Y.S. Rajasekhara Reddy ACA-VDCA Cricket Stadium, Visakhapatnam",24-03-2025,4th Match,1,5,DA Miller,Lucknow Super Giants,Delhi Capitals,19,27,not out,142.1,6.0,9.0,1.0,0.0,1.0,0.0,2.0,0.0,209,Delhi Capitals,
194,Visakhapatnam,"Dr. Y.S. Rajasekhara Reddy ACA-VDCA Cricket Stadium, Visakhapatnam",24-03-2025,4th Match,1,4,RR Pant,Lucknow Super Giants,Delhi Capitals,6,0,caught,0.0,6.0,0.0,0.0,0.0,0.0,0.0,0.0,0.0,209,Delhi Capitals,
195,Visakhapatnam,"Dr. Y.S. Rajasekhara Reddy ACA-VDCA Cricket Stadium, Visakhapatnam",24-03-2025,4th Match,1,3,N Pooran,Lucknow Super Giants,Delhi Capitals,30,75,bowled,250.0,8.0,9.0,0.0,0.0,6.0,0.0,7.0,0.0,209,Delhi Capitals,
196,Visakhapatnam,"Dr. Y.S. Rajasekhara Reddy ACA-VDCA Cricket Stadium, Visakhapatnam",24-03-2025,4th Match,1,2,MR Marsh,Lucknow Super Giants,Delhi Capitals,36,72,caught,200.0,13.0,10.0,1.0,0.0,6.0,0.0,6.0,0.0,209,Delhi Capitals,
197,Visakhapatnam,"Dr. Y.S. Rajasekhara Reddy ACA-VDCA Cricket Stadium, Visakhapatnam",24-03-2025,4th Match,1,1,AK Markram,Lucknow Super Giants,Delhi Capitals,13,15,caught,115.38,6.0,5.0,0.0,0.0,1.0,0.0,1.0,0.0,209,Delhi Capitals,
198,Chennai,"MA Chidambaram Stadium, Chepauk, Chennai",23-03-2025,3rd Match,2,8,MS Dhoni,Chennai Super Kings,Mumbai Indians,2,0,not out,0.0,2.0,0.0,0.0,0.0,0.0,0.0,0.0,0.0,158,Chennai Super Kings,
199,Chennai,"MA Chidambaram Stadium, Chepauk, Chennai",23-03-2025,3rd Match,2,7,RA Jadeja,Chennai Super Kings,Mumbai Indians,18,17,run out,94.44,6.0,9.0,2.0,0.0,1.0,0.0,0.0,0.0,158,Chennai Super Kings,
200,Chennai,"MA Chidambaram Stadium, Chepauk, Chennai",23-03-2025,3rd Match,2,6,SM Curran,Chennai Super Kings,Mumbai Indians,9,4,bowled,44.44,5.0,4.0,0.0,0.0,0.0,0.0,0.0,0.0,158,Chennai Super Kings,
201,Chennai,"MA Chidambaram Stadium, Chepauk, Chennai",23-03-2025,3rd Match,2,5,DJ Hooda,Chennai Super Kings,Mumbai Indians,5,3,caught,60.0,2.0,3.0,0.0,0.0,0.0,0.0,0.0,0.0,158,Chennai Super Kings,
202,Chennai,"MA Chidambaram Stadium, Chepauk, Chennai",23-03-2025,3rd Match,2,4,S Dube,Chennai Super Kings,Mumbai Indians,7,9,caught,128.57,3.0,3.0,0.0,0.0,0.0,0.0,1.0,0.0,158,Chennai Super Kings,
203,Chennai,"MA Chidambaram Stadium, Chepauk, Chennai",23-03-2025,3rd Match,2,3,RD Gaikwad,Chennai Super Kings,Mumbai Indians,26,53,caught,203.84,8.0,7.0,2.0,0.0,6.0,0.0,3.0,0.0,158,Chennai Super Kings,
204,Chennai,"MA Chidambaram Stadium, Chepauk, Chennai",23-03-2025,3rd Match,2,2,RA Tripathi,Chennai Super Kings,Mumbai Indians,3,2,caught,66.66,1.0,2.0,0.0,0.0,0.0,0.0,0.0,0.0,158,Chennai Super Kings,
205,Chennai,"MA Chidambaram Stadium, Chepauk, Chennai",23-03-2025,3rd Match,2,1,R Ravindra,Chennai Super Kings,Mumbai Indians,45,65,not out,144.44,10.0,25.0,4.0,0.0,2.0,0.0,4.0,0.0,158,Chennai Super Kings,
206,Chennai,"MA Chidambaram Stadium, Chepauk, Chennai",23-03-2025,3rd Match,1,11,Satyanarayana Raju,Mumbai Indians,Chennai Super Kings,1,1,not out,100.0,0.0,1.0,0.0,0.0,0.0,0.0,0.0,0.0,155,Chennai Super Kings,
207,Chennai,"MA Chidambaram Stadium, Chepauk, Chennai",23-03-2025,3rd Match,1,10,TA Boult,Mumbai Indians,Chennai Super Kings,2,1,caught,50.0,1.0,1.0,0.0,0.0,0.0,0.0,0.0,0.0,155,Chennai Super Kings,
208,Chennai,"MA Chidambaram Stadium, Chepauk, Chennai",23-03-2025,3rd Match,1,9,DL Chahar,Mumbai Indians,Chennai Super Kings,15,28,not out,186.66,5.0,4.0,2.0,0.0,2.0,0.0,2.0,0.0,155,Chennai Super Kings,
209,Chennai,"MA Chidambaram Stadium, Chepauk, Chennai",23-03-2025,3rd Match,1,8,MJ Santner,Mumbai Indians,Chennai Super Kings,13,11,lbw,84.61,5.0,7.0,0.0,0.0,1.0,0.0,0.0,0.0,155,Chennai Super Kings,
210,Chennai,"MA Chidambaram Stadium, Chepauk, Chennai",23-03-2025,3rd Match,1,7,Naman Dhir,Mumbai Indians,Chennai Super Kings,12,17,bowled,141.66,1.0,7.0,3.0,0.0,1.0,0.0,0.0,0.0,155,Chennai Super Kings,
211,Chennai,"MA Chidambaram Stadium, Chepauk, Chennai",23-03-2025,3rd Match,1,6,Robin Minz,Mumbai Indians,Chennai Super Kings,9,3,caught,33.33,6.0,3.0,0.0,0.0,0.0,0.0,0.0,0.0,155,Chennai Super Kings,
212,Chennai,"MA Chidambaram Stadium, Chepauk, Chennai",23-03-2025,3rd Match,1,5,NT Tilak Varma,Mumbai Indians,Chennai Super Kings,25,31,lbw,124.0,12.0,7.0,2.0,0.0,2.0,0.0,2.0,0.0,155,Chennai Super Kings,
213,Chennai,"MA Chidambaram Stadium, Chepauk, Chennai",23-03-2025,3rd Match,1,4,SA Yadav,Mumbai Indians,Chennai Super Kings,26,29,stumped,111.53,11.0,9.0,3.0,0.0,2.0,0.0,1.0,0.0,155,Chennai Super Kings,
214,Chennai,"MA Chidambaram Stadium, Chepauk, Chennai",23-03-2025,3rd Match,1,3,WG Jacks,Mumbai Indians,Chennai Super Kings,7,11,caught,157.14,2.0,3.0,0.0,0.0,2.0,0.0,0.0,0.0,155,Chennai Super Kings,
215,Chennai,"MA Chidambaram Stadium, Chepauk, Chennai",23-03-2025,3rd Match,1,2,RD Rickelton,Mumbai Indians,Chennai Super Kings,7,13,bowled,185.71,3.0,1.0,0.0,0.0,3.0,0.0,0.0,0.0,155,Chennai Super Kings,
216,Chennai,"MA Chidambaram Stadium, Chepauk, Chennai",23-03-2025,3rd Match,1,1,RG Sharma,Mumbai Indians,Chennai Super Kings,4,0,caught,0.0,4.0,0.0,0.0,0.0,0.0,0.0,0.0,0.0,155,Chennai Super Kings,
217,Hyderabad,"Rajiv Gandhi International Stadium, Uppal, Hyderabad",23-03-2025,2nd Match,2,8,JC Archer,Rajasthan Royals,Sunrisers Hyderabad,1,1,not out,100.0,0.0,1.0,0.0,0.0,0.0,0.0,0.0,0.0,242,Sunrisers Hyderabad,
218,Hyderabad,"Rajiv Gandhi International Stadium, Uppal, Hyderabad",23-03-2025,2nd Match,2,7,SB Dubey,Rajasthan Royals,Sunrisers Hyderabad,11,34,not out,309.09,0.0,6.0,0.0,0.0,1.0,0.0,4.0,0.0,242,Sunrisers Hyderabad,
219,Hyderabad,"Rajiv Gandhi International Stadium, Uppal, Hyderabad",23-03-2025,2nd Match,2,6,SO Hetmyer,Rajasthan Royals,Sunrisers Hyderabad,23,42,caught,182.6,7.0,8.0,3.0,0.0,1.0,0.0,4.0,0.0,242,Sunrisers Hyderabad,
220,Hyderabad,"Rajiv Gandhi International Stadium, Uppal, Hyderabad",23-03-2025,2nd Match,2,5,DC Jurel,Rajasthan Royals,Sunrisers Hyderabad,35,70,caught,200.0,11.0,12.0,1.0,0.0,5.0,0.0,6.0,0.0,242,Sunrisers Hyderabad,
221,Hyderabad,"Rajiv Gandhi International Stadium, Uppal, Hyderabad",23-03-2025,2nd Match,2,4,N Rana,Rajasthan Royals,Sunrisers Hyderabad,8,11,caught,137.5,4.0,1.0,1.0,0.0,2.0,0.0,0.0,0.0,242,Sunrisers Hyderabad,
222,Hyderabad,"Rajiv Gandhi International Stadium, Uppal, Hyderabad",23-03-2025,2nd Match,2,3,R Parag,Rajasthan Royals,Sunrisers Hyderabad,2,4,caught,200.0,1.0,0.0,0.0,0.0,1.0,0.0,0.0,0.0,242,Sunrisers Hyderabad,
223,Hyderabad,"Rajiv Gandhi International Stadium, Uppal, Hyderabad",23-03-2025,2nd Match,2,2,SV Samson,Rajasthan Royals,Sunrisers Hyderabad,37,66,caught,178.37,13.0,12.0,1.0,0.0,7.0,0.0,4.0,0.0,242,Sunrisers Hyderabad,
224,Hyderabad,"Rajiv Gandhi International Stadium, Uppal, Hyderabad",23-03-2025,2nd Match,2,1,YBK Jaiswal,Rajasthan Royals,Sunrisers Hyderabad,5,1,caught,20.0,4.0,1.0,0.0,0.0,0.0,0.0,0.0,0.0,242,Sunrisers Hyderabad,
225,Hyderabad,"Rajiv Gandhi International Stadium, Uppal, Hyderabad",23-03-2025,2nd Match,1,8,PJ Cummins,Sunrisers Hyderabad,Rajasthan Royals,1,0,not out,0.0,1.0,0.0,0.0,0.0,0.0,0.0,0.0,0.0,286,Sunrisers Hyderabad,
226,Hyderabad,"Rajiv Gandhi International Stadium, Uppal, Hyderabad",23-03-2025,2nd Match,1,7,A Manohar,Sunrisers Hyderabad,Rajasthan Royals,1,0,caught,0.0,1.0,0.0,0.0,0.0,0.0,0.0,0.0,0.0,286,Sunrisers Hyderabad,
227,Hyderabad,"Rajiv Gandhi International Stadium, Uppal, Hyderabad",23-03-2025,2nd Match,1,6,Aniket Verma,Sunrisers Hyderabad,Rajasthan Royals,3,7,caught,233.33,1.0,1.0,0.0,0.0,0.0,0.0,1.0,0.0,286,Sunrisers Hyderabad,
228,Hyderabad,"Rajiv Gandhi International Stadium, Uppal, Hyderabad",23-03-2025,2nd Match,1,5,H Klaasen,Sunrisers Hyderabad,Rajasthan Royals,14,34,caught,242.85,2.0,4.0,2.0,0.0,5.0,0.0,1.0,0.0,286,Sunrisers Hyderabad,
229,Hyderabad,"Rajiv Gandhi International Stadium, Uppal, Hyderabad",23-03-2025,2nd Match,1,4,K Nitish Kumar Reddy,Sunrisers Hyderabad,Rajasthan Royals,15,30,caught,200.0,3.0,6.0,1.0,0.0,4.0,0.0,1.0,0.0,286,Sunrisers Hyderabad,
230,Hyderabad,"Rajiv Gandhi International Stadium, Uppal, Hyderabad",23-03-2025,2nd Match,1,3,Ishan Kishan,Sunrisers Hyderabad,Rajasthan Royals,47,106,not out,225.53,8.0,18.0,4.0,0.0,11.0,0.0,6.0,0.0,286,Sunrisers Hyderabad,
231,Hyderabad,"Rajiv Gandhi International Stadium, Uppal, Hyderabad",23-03-2025,2nd Match,1,2,TM Head,Sunrisers Hyderabad,Rajasthan Royals,31,67,caught,216.12,9.0,7.0,3.0,0.0,9.0,0.0,3.0,0.0,286,Sunrisers Hyderabad,
232,Hyderabad,"Rajiv Gandhi International Stadium, Uppal, Hyderabad",23-03-2025,2nd Match,1,1,Abhishek Sharma,Sunrisers Hyderabad,Rajasthan Royals,11,24,caught,218.18,3.0,2.0,1.0,0.0,5.0,0.0,0.0,0.0,286,Sunrisers Hyderabad,
233,Kolkata,"Eden Gardens, Kolkata",22-03-2025,1st Match,2,5,LS Livingstone,Royal Challengers Bengaluru,Kolkata Knight Riders,5,15,not out,300.0,1.0,1.0,0.0,0.0,2.0,0.0,1.0,0.0,177,Royal Challengers Bengaluru,
234,Kolkata,"Eden Gardens, Kolkata",22-03-2025,1st Match,2,4,RM Patidar,Royal Challengers Bengaluru,Kolkata Knight Riders,16,34,caught,212.5,4.0,4.0,2.0,0.0,5.0,0.0,1.0,0.0,177,Royal Challengers Bengaluru,
235,Kolkata,"Eden Gardens, Kolkata",22-03-2025,1st Match,2,3,D Padikkal,Royal Challengers Bengaluru,Kolkata Knight Riders,10,10,caught,100.0,3.0,6.0,0.0,0.0,1.0,0.0,0.0,0.0,177,Royal Challengers Bengaluru,
236,Kolkata,"Eden Gardens, Kolkata",22-03-2025,1st Match,2,2,V Kohli,Royal Challengers Bengaluru,Kolkata Knight Riders,36,59,not out,163.88,6.0,21.0,2.0,0.0,4.0,0.0,3.0,0.0,177,Royal Challengers Bengaluru,
237,Kolkata,"Eden Gardens, Kolkata",22-03-2025,1st Match,2,1,PD Salt,Royal Challengers Bengaluru,Kolkata Knight Riders,31,56,caught,180.64,13.0,6.0,1.0,0.0,9.0,0.0,2.0,0.0,177,Royal Challengers Bengaluru,
238,Kolkata,"Eden Gardens, Kolkata",22-03-2025,1st Match,1,10,SH Johnson,Kolkata Knight Riders,Royal Challengers Bengaluru,1,1,not out,100.0,0.0,1.0,0.0,0.0,0.0,0.0,0.0,0.0,174,Royal Challengers Bengaluru,
239,Kolkata,"Eden Gardens, Kolkata",22-03-2025,1st Match,1,9,Harshit Rana,Kolkata Knight Riders,Royal Challengers Bengaluru,6,5,caught,83.33,4.0,1.0,0.0,0.0,1.0,0.0,0.0,0.0,174,Royal Challengers Bengaluru,
240,Kolkata,"Eden Gardens, Kolkata",22-03-2025,1st Match,1,8,Ramandeep Singh,Kolkata Knight Riders,Royal Challengers Bengaluru,9,6,not out,66.66,3.0,6.0,0.0,0.0,0.0,0.0,0.0,0.0,174,Royal Challengers Bengaluru,
241,Kolkata,"Eden Gardens, Kolkata",22-03-2025,1st Match,1,7,AD Russell,Kolkata Knight Riders,Royal Challengers Bengaluru,3,4,bowled,133.33,2.0,0.0,0.0,0.0,1.0,0.0,0.0,0.0,174,Royal Challengers Bengaluru,
242,Kolkata,"Eden Gardens, Kolkata",22-03-2025,1st Match,1,6,RK Singh,Kolkata Knight Riders,Royal Challengers Bengaluru,10,12,bowled,120.0,2.0,6.0,1.0,0.0,1.0,0.0,0.0,0.0,174,Royal Challengers Bengaluru,
243,Kolkata,"Eden Gardens, Kolkata",22-03-2025,1st Match,1,5,A Raghuvanshi,Kolkata Knight Riders,Royal Challengers Bengaluru,22,30,caught,136.36,4.0,14.0,1.0,0.0,2.0,0.0,1.0,0.0,174,Royal Challengers Bengaluru,
244,Kolkata,"Eden Gardens, Kolkata",22-03-2025,1st Match,1,4,VR Iyer,Kolkata Knight Riders,Royal Challengers Bengaluru,7,6,bowled,85.71,4.0,2.0,0.0,0.0,1.0,0.0,0.0,0.0,174,Royal Challengers Bengaluru,
245,Kolkata,"Eden Gardens, Kolkata",22-03-2025,1st Match,1,3,AM Rahane,Kolkata Knight Riders,Royal Challengers Bengaluru,31,56,caught,180.64,14.0,6.0,1.0,0.0,6.0,0.0,4.0,0.0,174,Royal Challengers Bengaluru,
246,Kolkata,"Eden Gardens, Kolkata",22-03-2025,1st Match,1,2,SP Narine,Kolkata Knight Riders,Royal Challengers Bengaluru,26,44,caught,169.23,13.0,4.0,1.0,0.0,5.0,0.0,3.0,0.0,174,Royal Challengers Bengaluru,
247,Kolkata,"Eden Gardens, Kolkata",22-03-2025,1st Match,1,1,Q de Kock,Kolkata Knight Riders,Royal Challengers Bengaluru,5,4,caught,80.0,4.0,0.0,0.0,0.0,1.0,0.0,0.0,0.0,174,Royal Challengers Bengaluru,
